<?xml version="1.0" encoding="UTF-8"?>
<!DOCTYPE mapper PUBLIC "-//mybatis.org//DTD Mapper 3.0//EN" "http://mybatis.org/dtd/mybatis-3-mapper.dtd">

<!-- Changsha Shishuo Network Technology Co., Ltd. All rights reserved. -->
<!-- 长沙市师说网络科技有限公司 版权所有 -->
<!-- http://www.shishuo.com -->

<mapper namespace="com.shishuo.cms.dao.ConfigDao">
	
	<!-- ############################## -->
	<!-- ######        增加                      ###### -->
	<!-- ############################## -->
	
	<insert id="addConfig" parameterType="com.shishuo.cms.entity.Config">
		insert into
		config(`key`,`value`,createTime)
		value(#{key},#{value},#{createTime})
	</insert>
	
	<!-- ############################## -->
	<!-- ######       删除                         ###### -->
	<!-- ############################## -->
		
	<delete id="deleteConfig" parameterType="com.shishuo.cms.entity.Config">
		delete from config where `key`=#{key}
	</delete>
	
	<!-- ############################## -->
	<!-- ######       修改                         ###### -->
	<!-- ############################## -->
	
	<update id="updateConfig" parameterType="com.shishuo.cms.entity.Config">
		update config set value=#{value}
		where `key`=#{key}
	</update>
	
	<!-- ############################## -->
	<!-- ######       查询                         ###### -->
	<!-- ############################## -->
		
	<select id="getConfigByKey"
		resultType="com.shishuo.cms.entity.Config">
		select * from config where `key`=#{key}
	</select>
</mapper>  
