<?xml version="1.0" encoding="utf-8"?>
<!DOCTYPE hibernate-mapping PUBLIC "-//Hibernate/Hibernate Mapping DTD 3.0//EN"
"http://hibernate.sourceforge.net/hibernate-mapping-3.0.dtd">
<!-- 
    Mapping file autogenerated by MyEclipse Persistence Tools
-->
<hibernate-mapping>
    <class name="com.cjg.domain.Admin" table="admin" catalog="vote">
        <id name="adminId" type="java.lang.Integer">
            <column name="admin_id" />
            <generator class="native" />
        </id>
        <property name="name" type="java.lang.String">
            <column name="name" length="50" />
        </property>
        <property name="password" type="java.lang.String">
            <column name="password" length="50" />
        </property>
        <property name="logintime" type="java.lang.String">
            <column name="logintime" length="50" />
        </property>
    </class>
</hibernate-mapping>
