<?xml version="1.0" encoding="utf-8"?>
<!DOCTYPE hibernate-mapping PUBLIC "-//Hibernate/Hibernate Mapping DTD 3.0//EN"
"http://hibernate.sourceforge.net/hibernate-mapping-3.0.dtd">
<!-- 
    Mapping file autogenerated by MyEclipse Persistence Tools
-->
<hibernate-mapping>
    <class name="com.cjg.domain.Voter" table="voter" catalog="vote">
        <id name="id" type="java.lang.Integer">
            <column name="id" />
            <generator class="native" />
        </id>
        <property name="voteId" type="java.lang.Integer">
            <column name="vote_id" />
        </property>
        <property name="ip" type="java.lang.String">
            <column name="ip" length="45" />
        </property>
    </class>
</hibernate-mapping>
