<?xml version="1.0" encoding="utf-8"?>
<!DOCTYPE hibernate-mapping PUBLIC "-//Hibernate/Hibernate Mapping DTD 3.0//EN"
"http://hibernate.sourceforge.net/hibernate-mapping-3.0.dtd">
<!-- 
    Mapping file autogenerated by MyEclipse Persistence Tools
-->
<hibernate-mapping>
    <class name="com.cjg.domain.Vote" table="vote" catalog="vote">
        <id name="voteId" type="java.lang.Integer">
            <column name="vote_id" />
            <generator class="native" />
        </id>
        <property name="title" type="java.lang.String">
            <column name="title" length="50" />
        </property>
        <property name="createdate" type="java.lang.String">
            <column name="createdate" length="50" />
        </property>
        <property name="type" type="java.lang.Integer">
            <column name="type" />
        </property>
        <property name="publish" type="java.lang.Integer">
            <column name="publish" />
        </property>
        <property name="adminId" type="java.lang.Integer">
            <column name="admin_id" />
        </property>
    </class>
</hibernate-mapping>
