<?xml version="1.0" encoding="utf-8"?>
<!DOCTYPE hibernate-mapping PUBLIC "-//Hibernate/Hibernate Mapping DTD 3.0//EN"
"http://hibernate.sourceforge.net/hibernate-mapping-3.0.dtd">
<!-- 
    Mapping file autogenerated by MyEclipse Persistence Tools
-->
<hibernate-mapping>
    <class name="com.cjg.domain.Votecontext" table="votecontext" catalog="vote">
        <id name="votecontextId" type="java.lang.Integer">
            <column name="votecontext_id" />
            <generator class="native" />
        </id>
        <property name="context" type="java.lang.String">
            <column name="context" length="50" />
        </property>
        <property name="count" type="java.lang.Integer">
            <column name="count" />
        </property>
        <property name="voteId" type="java.lang.Integer">
            <column name="vote_id" />
        </property>
    </class>
</hibernate-mapping>
